,latitude,longitude,timezone,currently,hourly,daily,flags,offset
apparentTemperature,52.520008,13.404954,Europe/Berlin,32.8,,,,1
cloudCover,52.520008,13.404954,Europe/Berlin,0.37,,,,1
data,52.520008,13.404954,Europe/Berlin,,"[{'time': 1551819600, 'summary': 'Partly Cloudy', 'icon': 'partly-cloudy-night', 'precipIntensity': 0, 'precipProbability': 0, 'temperature': 36.58, 'apparentTemperature': 30.79, 'dewPoint': 33.77, 'humidity': 0.89, 'pressure': 1009.1, 'windSpeed': 7.38, 'windGust': 22.06, 'windBearing': 240, 'cloudCover': 0.44, 'uvIndex': 0, 'visibility': 6.22, 'ozone': 477.06}, {'time': 1551823200, 'summary': 'Partly Cloudy', 'icon': 'partly-cloudy-night', 'precipIntensity': 0, 'precipProbability': 0, 'temperature': 35.74, 'apparentTemperature': 32.52, 'dewPoint': 33.66, 'humidity': 0.92, 'pressure': 1009.83, 'windSpeed': 3.88, 'windGust': 20.68, 'windBearing': 313, 'cloudCover': 0.36, 'uvIndex': 0, 'visibility': 6.5, 'ozone': 477.38}, {'time': 1551826800, 'summary': 'Partly Cloudy', 'icon': 'partly-cloudy-night', 'precipIntensity': 0, 'precipProbability': 0, 'temperature': 35.5, 'apparentTemperature': 28.05, 'dewPoint': 33.49, 'humidity': 0.92, 'pressure': 1010.49, 'windSpeed': 10.05, 'windGust': 19.22, 'windBearing': 192, 'cloudCover': 0.31, 'uvIndex': 0, 'visibility': 7.27, 'ozone': 476.72}, {'time': 1551830400, 'summary': 'Clear', 'icon': 'clear-night', 'precipIntensity': 0, 'precipProbability': 0, 'temperature': 38.41, 'apparentTemperature': 32.98, 'dewPoint': 33.14, 'humidity': 0.81, 'pressure': 1011.01, 'windSpeed': 7.42, 'windGust': 17.98, 'windBearing': 233, 'cloudCover': 0.17, 'uvIndex': 0, 'visibility': 10, 'ozone': 472.03}, {'time': 1551834000, 'summary': 'Clear', 'icon': 'clear-night', 'precipIntensity': 0, 'precipProbability': 0, 'temperature': 40.03, 'apparentTemperature': 34.87, 'dewPoint': 33.04, 'humidity': 0.76, 'pressure': 1011.36, 'windSpeed': 7.55, 'windGust': 17.13, 'windBearing': 251, 'cloudCover': 0.14, 'uvIndex': 0, 'visibility': 10, 'ozone': 459.8}, {'time': 1551837600, 'summary': 'Partly Cloudy', 'icon': 'partly-cloudy-night', 'precipIntensity': 0, 'precipProbability': 0, 'temperature': 39.31, 'apparentTemperature': 34.06, 'dewPoint': 33.13, 'humidity': 0.78, 'pressure': 1011.58, 'windSpeed': 7.43, 'windGust': 16.46, 'windBearing': 241, 'cloudCover': 0.26, 'uvIndex': 0, 'visibility': 10, 'ozone': 443.46}, {'time': 1551841200, 'summary': 'Partly Cloudy', 'icon': 'partly-cloudy-night', 'precipIntensity': 0, 'precipProbability': 0, 'temperature': 37.99, 'apparentTemperature': 32.54, 'dewPoint': 33.2, 'humidity': 0.8300000000000001, 'pressure': 1011.76, 'windSpeed': 7.3, 'windGust': 15.77, 'windBearing': 229, 'cloudCover': 0.37, 'uvIndex': 0, 'visibility': 10, 'ozone': 429.9}, {'time': 1551844800, 'summary': 'Partly Cloudy', 'icon': 'partly-cloudy-night', 'precipIntensity': 0, 'precipProbability': 0, 'temperature': 36.38, 'apparentTemperature': 30.8, 'dewPoint': 33.09, 'humidity': 0.88, 'pressure': 1011.91, 'windSpeed': 6.96, 'windGust': 14.67, 'windBearing': 219, 'cloudCover': 0.47000000000000003, 'uvIndex': 0, 'visibility': 10, 'ozone': 422.3}, {'time': 1551848400, 'summary': 'Partly Cloudy', 'icon': 'partly-cloudy-night', 'precipIntensity': 0, 'precipProbability': 0, 'temperature': 34.91, 'apparentTemperature': 29.24, 'dewPoint': 32.94, 'humidity': 0.92, 'pressure': 1012, 'windSpeed': 6.63, 'windGust': 13.53, 'windBearing': 209, 'cloudCover': 0.5700000000000001, 'uvIndex': 0, 'visibility': 10, 'ozone': 417.45}, {'time': 1551852000, 'summary': 'Mostly Cloudy', 'icon': 'partly-cloudy-day', 'precipIntensity': 0, 'precipProbability': 0, 'temperature': 34.8, 'apparentTemperature': 29.11, 'dewPoint': 33.01, 'humidity': 0.93, 'pressure': 1012, 'windSpeed': 6.64, 'windGust': 13.24, 'windBearing': 199, 'cloudCover': 0.67, 'uvIndex': 0, 'visibility': 10, 'ozone': 413.25}, {'time': 1551855600, 'summary': 'Mostly Cloudy', 'icon': 'partly-cloudy-day', 'precipIntensity': 0, 'precipProbability': 0, 'temperature': 36.68, 'apparentTemperature': 31.04, 'dewPoint': 33.59, 'humidity': 0.88, 'pressure': 1011.88, 'windSpeed': 7.15, 'windGust': 14.45, 'windBearing': 190, 'cloudCover': 0.76, 'uvIndex': 0, 'visibility': 10, 'ozone': 409.07}, {'time': 1551859200, 'summary': 'Mostly Cloudy', 'icon': 'partly-cloudy-day', 'precipIntensity': 0, 'precipProbability': 0, 'temperature': 40.19, 'apparentTemperature': 34.85, 'dewPoint': 34.56, 'humidity': 0.8, 'pressure': 1011.67, 'windSpeed': 7.93, 'windGust': 16.5, 'windBearing': 183, 'cloudCover': 0.85, 'uvIndex': 0, 'visibility': 10, 'ozone': 405.47}, {'time': 1551862800, 'summary': 'Mostly Cloudy', 'icon': 'partly-cloudy-day', 'precipIntensity': 0, 'precipProbability': 0, 'temperature': 43.7, 'apparentTemperature': 38.68, 'dewPoint': 35.3, 'humidity': 0.72, 'pressure': 1011.28, 'windSpeed': 8.91, 'windGust': 18.25, 'windBearing': 176, 'cloudCover': 0.92, 'uvIndex': 1, 'visibility': 10, 'ozone': 402.41}, {'time': 1551866400, 'summary': 'Overcast', 'icon': 'cloudy', 'precipIntensity': 0, 'precipProbability': 0, 'temperature': 46.66, 'apparentTemperature': 41.75, 'dewPoint': 35.4, 'humidity': 0.65, 'pressure': 1010.62, 'windSpeed': 10.41, 'windGust': 19.22, 'windBearing': 173, 'cloudCover': 0.9400000000000001, 'uvIndex': 1, 'visibility': 10, 'ozone': 399.71}, {'time': 1551870000, 'summary': 'Overcast', 'icon': 'cloudy', 'precipIntensity': 0, 'precipProbability': 0, 'temperature': 49.07, 'apparentTemperature': 44.2, 'dewPoint': 35.18, 'humidity': 0.59, 'pressure': 1009.78, 'windSpeed': 12.16, 'windGust': 19.86, 'windBearing': 172, 'cloudCover': 0.9400000000000001, 'uvIndex': 1, 'visibility': 10, 'ozone': 397.47}, {'time': 1551873600, 'summary': 'Overcast', 'icon': 'cloudy', 'precipIntensity': 0, 'precipProbability': 0, 'temperature': 51.42, 'apparentTemperature': 51.42, 'dewPoint': 35.29, 'humidity': 0.54, 'pressure': 1008.83, 'windSpeed': 13.34, 'windGust': 20.53, 'windBearing': 171, 'cloudCover': 0.9400000000000001, 'uvIndex': 1, 'visibility': 10, 'ozone': 395.68}, {'time': 1551877200, 'summary': 'Overcast', 'icon': 'cloudy', 'precipIntensity': 0, 'precipProbability': 0, 'temperature': 53.4, 'apparentTemperature': 53.4, 'dewPoint': 36.27, 'humidity': 0.52, 'pressure': 1007.71, 'windSpeed': 13.48, 'windGust': 21.06, 'windBearing': 170, 'cloudCover': 0.9500000000000001, 'uvIndex': 1, 'visibility': 10, 'ozone': 394.48}, {'time': 1551880800, 'summary': 'Overcast', 'icon': 'cloudy', 'precipIntensity': 0, 'precipProbability': 0, 'temperature': 54.96, 'apparentTemperature': 54.96, 'dewPoint': 37.62, 'humidity': 0.52, 'pressure': 1006.51, 'windSpeed': 13.06, 'windGust': 21.58, 'windBearing': 169, 'cloudCover': 0.97, 'uvIndex': 1, 'visibility': 10, 'ozone': 393.66}, {'time': 1551884400, 'summary': 'Overcast', 'icon': 'cloudy', 'precipIntensity': 0, 'precipProbability': 0, 'temperature': 56.19, 'apparentTemperature': 56.19, 'dewPoint': 38.51, 'humidity': 0.51, 'pressure': 1005.44, 'windSpeed': 12.77, 'windGust': 22.75, 'windBearing': 168, 'cloudCover': 0.98, 'uvIndex': 0, 'visibility': 10, 'ozone': 392.58}, {'time': 1551888000, 'summary': 'Overcast', 'icon': 'cloudy', 'precipIntensity': 0, 'precipProbability': 0, 'temperature': 56.1, 'apparentTemperature': 56.1, 'dewPoint': 38.36, 'humidity': 0.51, 'pressure': 1004.61, 'windSpeed': 12.98, 'windGust': 25.25, 'windBearing': 168, 'cloudCover': 0.99, 'uvIndex': 0, 'visibility': 10, 'ozone': 390.83}, {'time': 1551891600, 'summary': 'Overcast', 'icon': 'cloudy', 'precipIntensity': 0, 'precipProbability': 0, 'temperature': 55.26, 'apparentTemperature': 55.26, 'dewPoint': 37.72, 'humidity': 0.52, 'pressure': 1003.92, 'windSpeed': 13.35, 'windGust': 28.38, 'windBearing': 167, 'cloudCover': 0.99, 'uvIndex': 0, 'visibility': 10, 'ozone': 388.86}, {'time': 1551895200, 'summary': 'Overcast', 'icon': 'cloudy', 'precipIntensity': 0, 'precipProbability': 0, 'temperature': 54.3, 'apparentTemperature': 54.3, 'dewPoint': 37.24, 'humidity': 0.52, 'pressure': 1003.3, 'windSpeed': 13.46, 'windGust': 30.73, 'windBearing': 168, 'cloudCover': 0.99, 'uvIndex': 0, 'visibility': 10, 'ozone': 387.09}, {'time': 1551898800, 'summary': 'Overcast', 'icon': 'cloudy', 'precipIntensity': 0, 'precipProbability': 0, 'temperature': 53.39, 'apparentTemperature': 53.39, 'dewPoint': 37.2, 'humidity': 0.54, 'pressure': 1002.73, 'windSpeed': 13.23, 'windGust': 31.92, 'windBearing': 173, 'cloudCover': 1, 'uvIndex': 0, 'visibility': 10, 'ozone': 385.86}, {'time': 1551902400, 'summary': 'Overcast', 'icon': 'cloudy', 'precipIntensity': 0, 'precipProbability': 0, 'temperature': 52.33, 'apparentTemperature': 52.33, 'dewPoint': 37.3, 'humidity': 0.56, 'pressure': 1002.23, 'windSpeed': 12.82, 'windGust': 32.33, 'windBearing': 181, 'cloudCover': 1, 'uvIndex': 0, 'visibility': 10, 'ozone': 384.94}, {'time': 1551906000, 'summary': 'Overcast', 'icon': 'cloudy', 'precipIntensity': 0.00030000000000000003, 'precipProbability': 0.01, 'precipType': 'rain', 'temperature': 51.58, 'apparentTemperature': 51.58, 'dewPoint': 37.35, 'humidity': 0.58, 'pressure': 1001.77, 'windSpeed': 12.36, 'windGust': 31.82, 'windBearing': 186, 'cloudCover': 1, 'uvIndex': 0, 'visibility': 10, 'ozone': 383.45}, {'time': 1551909600, 'summary': 'Overcast', 'icon': 'cloudy', 'precipIntensity': 0.0006000000000000001, 'precipProbability': 0.02, 'precipType': 'rain', 'temperature': 50.86, 'apparentTemperature': 50.86, 'dewPoint': 37.43, 'humidity': 0.6000000000000001, 'pressure': 1001.42, 'windSpeed': 11.91, 'windGust': 29.69, 'windBearing': 189, 'cloudCover': 1, 'uvIndex': 0, 'visibility': 10, 'ozone': 381.18}, {'time': 1551913200, 'summary': 'Overcast', 'icon': 'cloudy', 'precipIntensity': 0.0017000000000000001, 'precipProbability': 0.05, 'precipType': 'rain', 'temperature': 50.37, 'apparentTemperature': 50.37, 'dewPoint': 37.5, 'humidity': 0.61, 'pressure': 1001.11, 'windSpeed': 11.41, 'windGust': 26.62, 'windBearing': 190, 'cloudCover': 1, 'uvIndex': 0, 'visibility': 10, 'ozone': 378.48}, {'time': 1551916800, 'summary': 'Overcast', 'icon': 'cloudy', 'precipIntensity': 0.0031000000000000003, 'precipProbability': 0.07, 'precipType': 'rain', 'temperature': 49.92, 'apparentTemperature': 45.65, 'dewPoint': 37.54, 'humidity': 0.62, 'pressure': 1000.66, 'windSpeed': 10.88, 'windGust': 24.46, 'windBearing': 189, 'cloudCover': 1, 'uvIndex': 0, 'visibility': 10, 'ozone': 376.52}, {'time': 1551920400, 'summary': 'Overcast', 'icon': 'cloudy', 'precipIntensity': 0.0036000000000000003, 'precipProbability': 0.08, 'precipType': 'rain', 'temperature': 49.26, 'apparentTemperature': 45.06, 'dewPoint': 37.54, 'humidity': 0.64, 'pressure': 999.93, 'windSpeed': 10.18, 'windGust': 23.83, 'windBearing': 186, 'cloudCover': 1, 'uvIndex': 0, 'visibility': 10, 'ozone': 375.47}, {'time': 1551924000, 'summary': 'Overcast', 'icon': 'cloudy', 'precipIntensity': 0.0034000000000000002, 'precipProbability': 0.08, 'precipType': 'rain', 'temperature': 48.66, 'apparentTemperature': 44.58, 'dewPoint': 37.52, 'humidity': 0.65, 'pressure': 999.06, 'windSpeed': 9.41, 'windGust': 24.09, 'windBearing': 183, 'cloudCover': 1, 'uvIndex': 0, 'visibility': 5.79, 'ozone': 375.05}, {'time': 1551927600, 'summary': 'Overcast', 'icon': 'cloudy', 'precipIntensity': 0.003, 'precipProbability': 0.08, 'precipType': 'rain', 'temperature': 47.46, 'apparentTemperature': 43.26, 'dewPoint': 37.38, 'humidity': 0.68, 'pressure': 998.26, 'windSpeed': 9.03, 'windGust': 25.19, 'windBearing': 180, 'cloudCover': 1, 'uvIndex': 0, 'visibility': 2.73, 'ozone': 375.13}, {'time': 1551931200, 'summary': 'Overcast', 'icon': 'cloudy', 'precipIntensity': 0.0023, 'precipProbability': 0.07, 'precipType': 'rain', 'temperature': 46.5, 'apparentTemperature': 41.91, 'dewPoint': 36.88, 'humidity': 0.6900000000000001, 'pressure': 997.63, 'windSpeed': 9.43, 'windGust': 28.07, 'windBearing': 181, 'cloudCover': 1, 'uvIndex': 0, 'visibility': 3.74, 'ozone': 376.08}, {'time': 1551934800, 'summary': 'Overcast', 'icon': 'cloudy', 'precipIntensity': 0.0015, 'precipProbability': 0.05, 'precipType': 'rain', 'temperature': 45.73, 'apparentTemperature': 40.65, 'dewPoint': 36.23, 'humidity': 0.6900000000000001, 'pressure': 997.07, 'windSpeed': 10.24, 'windGust': 31.81, 'windBearing': 182, 'cloudCover': 1, 'uvIndex': 0, 'visibility': 6.82, 'ozone': 377.53}, {'time': 1551938400, 'summary': 'Overcast', 'icon': 'cloudy', 'precipIntensity': 0.001, 'precipProbability': 0.04, 'precipType': 'rain', 'temperature': 45.9, 'apparentTemperature': 40.67, 'dewPoint': 35.97, 'humidity': 0.68, 'pressure': 996.59, 'windSpeed': 10.81, 'windGust': 33.52, 'windBearing': 182, 'cloudCover': 1, 'uvIndex': 0, 'visibility': 9.38, 'ozone': 378.14}, {'time': 1551942000, 'summary': 'Overcast', 'icon': 'cloudy', 'precipIntensity': 0.0007, 'precipProbability': 0.05, 'precipType': 'rain', 'temperature': 46.84, 'apparentTemperature': 41.87, 'dewPoint': 36.35, 'humidity': 0.67, 'pressure': 996.22, 'windSpeed': 10.71, 'windGust': 31.13, 'windBearing': 179, 'cloudCover': 1, 'uvIndex': 0, 'visibility': 10, 'ozone': 377.32}, {'time': 1551945600, 'summary': 'Overcast', 'icon': 'cloudy', 'precipIntensity': 0.0005, 'precipProbability': 0.04, 'precipType': 'rain', 'temperature': 49.2, 'apparentTemperature': 44.92, 'dewPoint': 37.05, 'humidity': 0.63, 'pressure': 995.93, 'windSpeed': 10.37, 'windGust': 26.73, 'windBearing': 174, 'cloudCover': 1, 'uvIndex': 1, 'visibility': 10, 'ozone': 375.62}, {'time': 1551949200, 'summary': 'Overcast', 'icon': 'cloudy', 'precipIntensity': 0.0005, 'precipProbability': 0.04, 'precipType': 'rain', 'temperature': 51.88, 'apparentTemperature': 51.88, 'dewPoint': 37.75, 'humidity': 0.58, 'pressure': 995.6, 'windSpeed': 10.47, 'windGust': 23.56, 'windBearing': 174, 'cloudCover': 1, 'uvIndex': 1, 'visibility': 10, 'ozone': 373.88}, {'time': 1551952800, 'summary': 'Overcast', 'icon': 'cloudy', 'precipIntensity': 0.0002, 'precipProbability': 0.02, 'precipType': 'rain', 'temperature': 55.29, 'apparentTemperature': 55.29, 'dewPoint': 38.33, 'humidity': 0.53, 'pressure': 995.12, 'windSpeed': 11.37, 'windGust': 23, 'windBearing': 182, 'cloudCover': 1, 'uvIndex': 1, 'visibility': 10, 'ozone': 372.09}, {'time': 1551956400, 'summary': 'Overcast', 'icon': 'cloudy', 'precipIntensity': 0, 'precipProbability': 0, 'temperature': 59.15, 'apparentTemperature': 59.15, 'dewPoint': 38.84, 'humidity': 0.47000000000000003, 'pressure': 994.62, 'windSpeed': 12.66, 'windGust': 23.68, 'windBearing': 196, 'cloudCover': 1, 'uvIndex': 2, 'visibility': 10, 'ozone': 370.17}, {'time': 1551960000, 'summary': 'Overcast', 'icon': 'cloudy', 'precipIntensity': 0, 'precipProbability': 0, 'temperature': 61.55, 'apparentTemperature': 61.55, 'dewPoint': 39.3, 'humidity': 0.44, 'pressure': 994.29, 'windSpeed': 13.93, 'windGust': 24.78, 'windBearing': 209, 'cloudCover': 1, 'uvIndex': 2, 'visibility': 10, 'ozone': 369.59}, {'time': 1551963600, 'summary': 'Overcast', 'icon': 'cloudy', 'precipIntensity': 0, 'precipProbability': 0, 'temperature': 62.39, 'apparentTemperature': 62.39, 'dewPoint': 40.05, 'humidity': 0.44, 'pressure': 994.15, 'windSpeed': 15.16, 'windGust': 26.52, 'windBearing': 215, 'cloudCover': 0.99, 'uvIndex': 1, 'visibility': 10, 'ozone': 370.34}, {'time': 1551967200, 'summary': 'Overcast', 'icon': 'cloudy', 'precipIntensity': 0, 'precipProbability': 0, 'temperature': 61.55, 'apparentTemperature': 61.55, 'dewPoint': 40.89, 'humidity': 0.47000000000000003, 'pressure': 994.21, 'windSpeed': 16.39, 'windGust': 28.67, 'windBearing': 221, 'cloudCover': 0.98, 'uvIndex': 1, 'visibility': 10, 'ozone': 372.35}, {'time': 1551970800, 'summary': 'Overcast', 'icon': 'cloudy', 'precipIntensity': 0, 'precipProbability': 0, 'temperature': 60.21, 'apparentTemperature': 60.21, 'dewPoint': 41.18, 'humidity': 0.49, 'pressure': 994.58, 'windSpeed': 17.06, 'windGust': 29.78, 'windBearing': 226, 'cloudCover': 0.97, 'uvIndex': 0, 'visibility': 10, 'ozone': 376.51}, {'time': 1551974400, 'summary': 'Overcast', 'icon': 'cloudy', 'precipIntensity': 0.0002, 'precipProbability': 0.05, 'precipType': 'rain', 'temperature': 57.7, 'apparentTemperature': 57.7, 'dewPoint': 40.52, 'humidity': 0.53, 'pressure': 995.5, 'windSpeed': 16.67, 'windGust': 28.66, 'windBearing': 232, 'cloudCover': 1, 'uvIndex': 0, 'visibility': 10, 'ozone': 384.46}, {'time': 1551978000, 'summary': 'Overcast', 'icon': 'cloudy', 'precipIntensity': 0.0008, 'precipProbability': 0.05, 'precipType': 'rain', 'temperature': 54.95, 'apparentTemperature': 54.95, 'dewPoint': 39.22, 'humidity': 0.55, 'pressure': 996.73, 'windSpeed': 15.84, 'windGust': 26.49, 'windBearing': 239, 'cloudCover': 1, 'uvIndex': 0, 'visibility': 10, 'ozone': 394.65}, {'time': 1551981600, 'summary': 'Overcast', 'icon': 'cloudy', 'precipIntensity': 0.0015, 'precipProbability': 0.06, 'precipType': 'rain', 'temperature': 52.57, 'apparentTemperature': 52.57, 'dewPoint': 37.76, 'humidity': 0.5700000000000001, 'pressure': 997.81, 'windSpeed': 15.25, 'windGust': 25.52, 'windBearing': 243, 'cloudCover': 0.97, 'uvIndex': 0, 'visibility': 10, 'ozone': 403.4}, {'time': 1551985200, 'summary': 'Mostly Cloudy', 'icon': 'partly-cloudy-night', 'precipIntensity': 0.0017000000000000001, 'precipProbability': 0.05, 'precipType': 'rain', 'temperature': 51.21, 'apparentTemperature': 51.21, 'dewPoint': 36.31, 'humidity': 0.5700000000000001, 'pressure': 998.54, 'windSpeed': 15.13, 'windGust': 26.95, 'windBearing': 240, 'cloudCover': 0.6900000000000001, 'uvIndex': 0, 'visibility': 10, 'ozone': 409.71}, {'time': 1551988800, 'summary': 'Partly Cloudy', 'icon': 'partly-cloudy-night', 'precipIntensity': 0.0015, 'precipProbability': 0.04, 'precipType': 'rain', 'temperature': 50.09, 'apparentTemperature': 50.09, 'dewPoint': 34.81, 'humidity': 0.56, 'pressure': 999.09, 'windSpeed': 15.32, 'windGust': 29.58, 'windBearing': 234, 'cloudCover': 0.32, 'uvIndex': 0, 'visibility': 10, 'ozone': 414.48}, {'time': 1551992400, 'summary': 'Clear', 'icon': 'clear-night', 'precipIntensity': 0.0012000000000000001, 'precipProbability': 0.03, 'precipType': 'rain', 'temperature': 48.99, 'apparentTemperature': 43.17, 'dewPoint': 33.72, 'humidity': 0.55, 'pressure': 999.49, 'windSpeed': 15.72, 'windGust': 31.95, 'windBearing': 229, 'cloudCover': 0.04, 'uvIndex': 0, 'visibility': 10, 'ozone': 417.68}]","[{'time': 1551740400, 'summary': 'Breezy until afternoon and mostly cloudy throughout the day.', 'icon': 'wind', 'sunriseTime': 1551764742, 'sunsetTime': 1551804780, 'moonPhase': 0.96, 'precipIntensity': 0.0014, 'precipIntensityMax': 0.0028, 'precipIntensityMaxTime': 1551808800, 'precipProbability': 0.46, 'precipType': 'rain', 'temperatureHigh': 47.57, 'temperatureHighTime': 1551790800, 'temperatureLow': 34.8, 'temperatureLowTime': 1551852000, 'apparentTemperatureHigh': 41.32, 'apparentTemperatureHighTime': 1551794400, 'apparentTemperatureLow': 28.05, 'apparentTemperatureLowTime': 1551826800, 'dewPoint': 34.14, 'humidity': 0.71, 'pressure': 1001.78, 'windSpeed': 17.28, 'windGust': 40.98, 'windGustTime': 1551740400, 'windBearing': 255, 'cloudCover': 0.55, 'uvIndex': 1, 'uvIndexTime': 1551776400, 'visibility': 6.6, 'ozone': 452.45, 'temperatureMin': 35.74, 'temperatureMinTime': 1551823200, 'temperatureMax': 47.57, 'temperatureMaxTime': 1551790800, 'apparentTemperatureMin': 30.79, 'apparentTemperatureMinTime': 1551819600, 'apparentTemperatureMax': 41.32, 'apparentTemperatureMaxTime': 1551794400}, {'time': 1551826800, 'summary': 'Mostly cloudy throughout the day.', 'icon': 'partly-cloudy-day', 'sunriseTime': 1551851005, 'sunsetTime': 1551891289, 'moonPhase': 0.99, 'precipIntensity': 0.0001, 'precipIntensityMax': 0.0006000000000000001, 'precipIntensityMaxTime': 1551909600, 'precipProbability': 0.05, 'precipType': 'rain', 'temperatureHigh': 56.19, 'temperatureHighTime': 1551884400, 'temperatureLow': 45.73, 'temperatureLowTime': 1551934800, 'apparentTemperatureHigh': 56.19, 'apparentTemperatureHighTime': 1551884400, 'apparentTemperatureLow': 40.65, 'apparentTemperatureLowTime': 1551934800, 'dewPoint': 35.39, 'humidity': 0.68, 'pressure': 1008.16, 'windSpeed': 9.59, 'windGust': 32.33, 'windGustTime': 1551902400, 'windBearing': 185, 'cloudCover': 0.76, 'uvIndex': 1, 'uvIndexTime': 1551862800, 'visibility': 9.89, 'ozone': 409.48, 'temperatureMin': 34.8, 'temperatureMinTime': 1551852000, 'temperatureMax': 56.19, 'temperatureMaxTime': 1551884400, 'apparentTemperatureMin': 28.05, 'apparentTemperatureMinTime': 1551826800, 'apparentTemperatureMax': 56.19, 'apparentTemperatureMaxTime': 1551884400}, {'time': 1551913200, 'summary': 'Overcast until evening and breezy overnight.', 'icon': 'wind', 'sunriseTime': 1551937267, 'sunsetTime': 1551977797, 'moonPhase': 0.03, 'precipIntensity': 0.0012000000000000001, 'precipIntensityMax': 0.0036000000000000003, 'precipIntensityMaxTime': 1551920400, 'precipProbability': 0.28, 'precipType': 'rain', 'temperatureHigh': 62.39, 'temperatureHighTime': 1551963600, 'temperatureLow': 44.19, 'temperatureLowTime': 1552021200, 'apparentTemperatureHigh': 62.39, 'apparentTemperatureHighTime': 1551963600, 'apparentTemperatureLow': 35.85, 'apparentTemperatureLowTime': 1552021200, 'dewPoint': 37.59, 'humidity': 0.58, 'pressure': 997.16, 'windSpeed': 11.78, 'windGust': 33.55, 'windGustTime': 1551996000, 'windBearing': 209, 'cloudCover': 0.87, 'uvIndex': 2, 'uvIndexTime': 1551956400, 'visibility': 9.1, 'ozone': 383.94, 'temperatureMin': 45.73, 'temperatureMinTime': 1551934800, 'temperatureMax': 62.39, 'temperatureMaxTime': 1551963600, 'apparentTemperatureMin': 40.65, 'apparentTemperatureMinTime': 1551934800, 'apparentTemperatureMax': 62.39, 'apparentTemperatureMaxTime': 1551963600}, {'time': 1551999600, 'summary': 'Breezy and mostly cloudy until evening.', 'icon': 'wind', 'sunriseTime': 1552023529, 'sunsetTime': 1552064305, 'moonPhase': 0.06, 'precipIntensity': 0.0021000000000000003, 'precipIntensityMax': 0.010700000000000001, 'precipIntensityMaxTime': 1552050000, 'precipProbability': 0.28, 'precipType': 'rain', 'temperatureHigh': 48.85, 'temperatureHighTime': 1552039200, 'temperatureLow': 37.99, 'temperatureLowTime': 1552107600, 'apparentTemperatureHigh': 41.22, 'apparentTemperatureHighTime': 1552035600, 'apparentTemperatureLow': 31.05, 'apparentTemperatureLowTime': 1552107600, 'dewPoint': 32.33, 'humidity': 0.59, 'pressure': 1002.77, 'windSpeed': 19.13, 'windGust': 43.14, 'windGustTime': 1552032000, 'windBearing': 246, 'cloudCover': 0.42, 'uvIndex': 2, 'uvIndexTime': 1552042800, 'visibility': 8.46, 'ozone': 396.78, 'temperatureMin': 41.67, 'temperatureMinTime': 1552082400, 'temperatureMax': 48.85, 'temperatureMaxTime': 1552039200, 'apparentTemperatureMin': 34.01, 'apparentTemperatureMinTime': 1552082400, 'apparentTemperatureMax': 41.22, 'apparentTemperatureMaxTime': 1552035600}, {'time': 1552086000, 'summary': 'Rain in the afternoon and windy starting in the afternoon.', 'icon': 'rain', 'sunriseTime': 1552109790, 'sunsetTime': 1552150813, 'moonPhase': 0.09, 'precipIntensity': 0.015, 'precipIntensityMax': 0.0912, 'precipIntensityMaxTime': 1552132800, 'precipProbability': 0.78, 'precipType': 'rain', 'temperatureHigh': 46.95, 'temperatureHighTime': 1552140000, 'temperatureLow': 38.71, 'temperatureLowTime': 1552194000, 'apparentTemperatureHigh': 39.33, 'apparentTemperatureHighTime': 1552136400, 'apparentTemperatureLow': 29.36, 'apparentTemperatureLowTime': 1552194000, 'dewPoint': 33.87, 'humidity': 0.7000000000000001, 'pressure': 1003.98, 'windSpeed': 13.74, 'windGust': 50.22, 'windGustTime': 1552147200, 'windBearing': 240, 'cloudCover': 0.56, 'uvIndex': 2, 'uvIndexTime': 1552129200, 'visibility': 5.93, 'ozone': 380.46, 'temperatureMin': 37.99, 'temperatureMinTime': 1552107600, 'temperatureMax': 46.95, 'temperatureMaxTime': 1552140000, 'apparentTemperatureMin': 31.05, 'apparentTemperatureMinTime': 1552107600, 'apparentTemperatureMax': 39.33, 'apparentTemperatureMaxTime': 1552136400}, {'time': 1552172400, 'summary': 'Breezy in the morning and mostly cloudy throughout the day.', 'icon': 'wind', 'sunriseTime': 1552196050, 'sunsetTime': 1552237321, 'moonPhase': 0.12, 'precipIntensity': 0.0051, 'precipIntensityMax': 0.015300000000000001, 'precipIntensityMaxTime': 1552240800, 'precipProbability': 0.54, 'precipType': 'rain', 'temperatureHigh': 48.48, 'temperatureHighTime': 1552222800, 'temperatureLow': 37.31, 'temperatureLowTime': 1552284000, 'apparentTemperatureHigh': 42.28, 'apparentTemperatureHighTime': 1552222800, 'apparentTemperatureLow': 28.89, 'apparentTemperatureLowTime': 1552284000, 'dewPoint': 32.85, 'humidity': 0.67, 'pressure': 1005.02, 'windSpeed': 10.72, 'windGust': 40.02, 'windGustTime': 1552183200, 'windBearing': 256, 'cloudCover': 0.59, 'uvIndex': 2, 'uvIndexTime': 1552215600, 'visibility': 7.79, 'ozone': 425.55, 'temperatureMin': 38.71, 'temperatureMinTime': 1552194000, 'temperatureMax': 48.48, 'temperatureMaxTime': 1552222800, 'apparentTemperatureMin': 29.36, 'apparentTemperatureMinTime': 1552194000, 'apparentTemperatureMax': 42.28, 'apparentTemperatureMaxTime': 1552222800}, {'time': 1552258800, 'summary': 'Foggy in the afternoon and breezy starting in the evening.', 'icon': 'wind', 'sunriseTime': 1552282311, 'sunsetTime': 1552323828, 'moonPhase': 0.15, 'precipIntensity': 0.0103, 'precipIntensityMax': 0.026600000000000002, 'precipIntensityMaxTime': 1552266000, 'precipProbability': 0.77, 'precipType': 'rain', 'temperatureHigh': 44.89, 'temperatureHighTime': 1552312800, 'temperatureLow': 33.38, 'temperatureLowTime': 1552370400, 'apparentTemperatureHigh': 38.78, 'apparentTemperatureHighTime': 1552312800, 'apparentTemperatureLow': 23.86, 'apparentTemperatureLowTime': 1552370400, 'dewPoint': 33.96, 'humidity': 0.78, 'pressure': 1005.46, 'windSpeed': 7.67, 'windGust': 31.46, 'windGustTime': 1552316400, 'windBearing': 283, 'cloudCover': 0.72, 'uvIndex': 2, 'uvIndexTime': 1552298400, 'visibility': 6.41, 'ozone': 431.65, 'temperatureMin': 36.07, 'temperatureMinTime': 1552341600, 'temperatureMax': 44.89, 'temperatureMaxTime': 1552312800, 'apparentTemperatureMin': 26.59, 'apparentTemperatureMinTime': 1552341600, 'apparentTemperatureMax': 38.78, 'apparentTemperatureMaxTime': 1552312800}, {'time': 1552345200, 'summary': 'Mostly cloudy throughout the day.', 'icon': 'partly-cloudy-day', 'sunriseTime': 1552368571, 'sunsetTime': 1552410335, 'moonPhase': 0.19, 'precipIntensity': 0.003, 'precipIntensityMax': 0.0128, 'precipIntensityMaxTime': 1552370400, 'precipProbability': 0.5700000000000001, 'precipAccumulation': 0.449, 'precipType': 'snow', 'temperatureHigh': 42.75, 'temperatureHighTime': 1552402800, 'temperatureLow': 33.05, 'temperatureLowTime': 1552456800, 'apparentTemperatureHigh': 42.66, 'apparentTemperatureHighTime': 1552399200, 'apparentTemperatureLow': 26.48, 'apparentTemperatureLowTime': 1552453200, 'dewPoint': 28.28, 'humidity': 0.7000000000000001, 'pressure': 1013.48, 'windSpeed': 5.55, 'windGust': 35.16, 'windGustTime': 1552366800, 'windBearing': 287, 'cloudCover': 0.72, 'uvIndex': 2, 'uvIndexTime': 1552384800, 'visibility': 8.99, 'ozone': 381.96, 'temperatureMin': 33.38, 'temperatureMinTime': 1552370400, 'temperatureMax': 42.75, 'temperatureMaxTime': 1552402800, 'apparentTemperatureMin': 23.86, 'apparentTemperatureMinTime': 1552370400, 'apparentTemperatureMax': 42.66, 'apparentTemperatureMaxTime': 1552399200}]",,1
dewPoint,52.520008,13.404954,Europe/Berlin,33.69,,,,1
humidity,52.520008,13.404954,Europe/Berlin,0.92,,,,1
icon,52.520008,13.404954,Europe/Berlin,partly-cloudy-night,partly-cloudy-day,rain,,1
meteoalarm-license,52.520008,13.404954,Europe/Berlin,,,,Based on data from EUMETNET - MeteoAlarm [https://www.meteoalarm.eu/]. Time delays between this website and the MeteoAlarm website are possible; for the most up to date information about alert levels as published by the participating National Meteorological Services please use the MeteoAlarm website.,1
nearest-station,52.520008,13.404954,Europe/Berlin,,,,1.232,1
ozone,52.520008,13.404954,Europe/Berlin,477.32,,,,1
precipIntensity,52.520008,13.404954,Europe/Berlin,0,,,,1
precipProbability,52.520008,13.404954,Europe/Berlin,0,,,,1
pressure,52.520008,13.404954,Europe/Berlin,1009.69,,,,1
sources,52.520008,13.404954,Europe/Berlin,,,,"['meteoalarm', 'cmc', 'gfs', 'icon', 'isd', 'madis']",1
summary,52.520008,13.404954,Europe/Berlin,Partly Cloudy,Mostly cloudy until tomorrow night.,"Mixed precipitation on Saturday and next Tuesday, with high temperatures peaking at 62Â°F on Thursday.",,1
temperature,52.520008,13.404954,Europe/Berlin,35.9,,,,1
time,52.520008,13.404954,Europe/Berlin,1551822498,,,,1
units,52.520008,13.404954,Europe/Berlin,,,,us,1
uvIndex,52.520008,13.404954,Europe/Berlin,0,,,,1
visibility,52.520008,13.404954,Europe/Berlin,6.44,,,,1
windBearing,52.520008,13.404954,Europe/Berlin,292,,,,1
windGust,52.520008,13.404954,Europe/Berlin,20.95,,,,1
windSpeed,52.520008,13.404954,Europe/Berlin,3.8,,,,1
